﻿{
    "catwalk_loop_251070": {
        "Version": "1.10.1822.1",
        "Scene": {
            "Name": true,
            "SupportShaderSelect": true
        },
        "Object": {
            "catwalk_loop_251070": {
                "Generation": "RL_CharacterCreator_Base_Std_G3",
                "Physics": {
                    "Collision Shapes": {
                        "pelvis": {
                            "Capsule": {
                                "Bone Active": true,
                                "Bound Type": "Capsule",
                                "Bound Axis": "X",
                                "Margin": 0.800000011920929,
                                "Friction": 0.05000000074505806,
                                "Elasticity": 0.5,
                                "WorldTranslate": [
                                    0.47131839394569399,
                                    -3.4686105251312258,
                                    98.14697265625
                                ],
                                "WorldRotationQ": [
                                    0.000001466112166781386,
                                    -0.7070927023887634,
                                    0.000003993418431491591,
                                    0.7071208357810974
                                ],
                                "WorldScale": [
                                    1.000000238418579,
                                    1.000000238418579,
                                    1.0
                                ],
                                "Radius": 13.003644943237305,
                                "Capsule Length": 10.634395599365235
                            }
                        },
                        "spine_01": {
                            "Capsule": {
                                "Bone Active": true,
                                "Bound Type": "Box",
                                "Bound Axis": "Y",
                                "Margin": 0.800000011920929,
                                "Friction": 0.05000000074505806,
                                "Elasticity": 0.5,
                                "WorldTranslate": [
                                    1.2166165113449097,
                                    5.299224376678467,
                                    106.36602020263672
                                ],
                                "WorldRotationQ": [
                                    -0.028353262692689897,
                                    -0.7000755667686462,
                                    -0.0994647666811943,
                                    0.7065387964248657
                                ],
                                "WorldScale": [
                                    0.9999999403953552,
                                    0.9999999403953552,
                                    1.0
                                ],
                                "Extent": [
                                    24.68741226196289,
                                    23.641963958740236,
                                    13.493804931640625
                                ]
                            }
                        },
                        "spine_02": {
                            "Capsule": {
                                "Bone Active": true,
                                "Bound Type": "Box",
                                "Bound Axis": "Y",
                                "Margin": 0.800000011920929,
                                "Friction": 0.05000000074505806,
                                "Elasticity": 0.5,
                                "WorldTranslate": [
                                    2.807318925857544,
                                    18.869535446166993,
                                    106.00425720214844
                                ],
                                "WorldRotationQ": [
                                    -0.11549873650074005,
                                    -0.7071102261543274,
                                    -0.0006802223506383598,
                                    0.6976064443588257
                                ],
                                "WorldScale": [
                                    1.0000001192092896,
                                    1.0000001192092896,
                                    1.0
                                ],
                                "Extent": [
                                    29.42172622680664,
                                    20.10054588317871,
                                    18.698102951049806
                                ]
                            },
                            "Capsule(0)": {
                                "Bone Active": true,
                                "Bound Type": "Capsule",
                                "Bound Axis": "X",
                                "Margin": 0.800000011920929,
                                "Friction": 0.05000000074505806,
                                "Elasticity": 0.5,
                                "WorldTranslate": [
                                    4.995354175567627,
                                    27.3060359954834,
                                    104.586181640625
                                ],
                                "WorldRotationQ": [
                                    -0.11549873650074005,
                                    -0.7071102261543274,
                                    -0.0006802223506383598,
                                    0.6976064443588257
                                ],
                                "WorldScale": [
                                    1.0000001192092896,
                                    1.0000001192092896,
                                    1.0
                                ],
                                "Radius": 9.391433715820313,
                                "Capsule Length": 17.66295623779297
                            }
                        },
                        "neck_01": {
                            "Capsule": {
                                "Bone Active": true,
                                "Bound Type": "Capsule",
                                "Bound Axis": "Y",
                                "Margin": 0.800000011920929,
                                "Friction": 0.05000000074505806,
                                "Elasticity": 0.5,
                                "WorldTranslate": [
                                    0.2569825351238251,
                                    6.24061918258667,
                                    149.99063110351563
                                ],
                                "WorldRotationQ": [
                                    0.09108423441648483,
                                    -0.7012274265289307,
                                    -0.09109484404325485,
                                    0.7012028694152832
                                ],
                                "WorldScale": [
                                    1.0,
                                    1.0000001192092896,
                                    1.0
                                ],
                                "Radius": 5.334225654602051,
                                "Capsule Length": 3.811250686645508
                            }
                        },
                        "head": {
                            "Capsule": {
                                "Bone Active": true,
                                "Bound Type": "Capsule",
                                "Bound Axis": "Y",
                                "Margin": 0.800000011920929,
                                "Friction": 0.05000000074505806,
                                "Elasticity": 0.5,
                                "WorldTranslate": [
                                    0.00037093227729201317,
                                    10.26875114440918,
                                    154.82601928710938
                                ],
                                "WorldRotationQ": [
                                    -0.030878128483891488,
                                    -0.706442654132843,
                                    0.03091011568903923,
                                    0.7064204812049866
                                ],
                                "WorldScale": [
                                    1.0,
                                    1.0000001192092896,
                                    1.0
                                ],
                                "Radius": 8.83122444152832,
                                "Capsule Length": 6.107555389404297
                            }
                        },
                        "clavicle_l": {
                            "Capsule": {
                                "Bone Active": true,
                                "Bound Type": "Capsule",
                                "Bound Axis": "Y",
                                "Margin": 0.800000011920929,
                                "Friction": 0.05000000074505806,
                                "Elasticity": 0.5,
                                "WorldTranslate": [
                                    3.1083030700683595,
                                    14.208340644836426,
                                    143.94595336914063
                                ],
                                "WorldRotationQ": [
                                    0.0028055389411747457,
                                    -0.05029534175992012,
                                    0.20899967849254609,
                                    0.9766174554824829
                                ],
                                "WorldScale": [
                                    0.9999998807907105,
                                    1.000000238418579,
                                    0.9999998807907105
                                ],
                                "Radius": 7.436087131500244,
                                "Capsule Length": 0.00019999999494757503
                            }
                        },
                        "upperarm_l": {
                            "Capsule": {
                                "Bone Active": true,
                                "Bound Type": "Capsule",
                                "Bound Axis": "Y",
                                "Margin": 0.800000011920929,
                                "Friction": 0.05000000074505806,
                                "Elasticity": 0.5,
                                "WorldTranslate": [
                                    16.250471115112306,
                                    20.753421783447267,
                                    142.95823669433595
                                ],
                                "WorldRotationQ": [
                                    0.0001389964163536206,
                                    0.020421531051397325,
                                    -0.0014131617499515415,
                                    0.9997904896736145
                                ],
                                "WorldScale": [
                                    0.9999999403953552,
                                    1.0,
                                    1.0
                                ],
                                "Radius": 5.000384330749512,
                                "Capsule Length": 19.687467575073243
                            }
                        },
                        "lowerarm_l": {
                            "Capsule": {
                                "Bone Active": true,
                                "Bound Type": "Capsule",
                                "Bound Axis": "Y",
                                "Margin": 0.800000011920929,
                                "Friction": 0.05000000074505806,
                                "Elasticity": 0.5,
                                "WorldTranslate": [
                                    39.894710540771487,
                                    17.778858184814454,
                                    143.12179565429688
                                ],
                                "WorldRotationQ": [
                                    -0.028423666954040529,
                                    0.013992702588438988,
                                    -0.006904716603457928,
                                    0.9994742274284363
                                ],
                                "WorldScale": [
                                    1.000000238418579,
                                    1.0000003576278687,
                                    1.000000238418579
                                ],
                                "Radius": 4.545862197875977,
                                "Capsule Length": 19.854511260986329
                            }
                        },
                        "hand_l": {
                            "Capsule": {
                                "Bone Active": false,
                                "Bound Type": "Box",
                                "Bound Axis": "Y",
                                "Margin": 0.800000011920929,
                                "Friction": 0.05000000074505806,
                                "Elasticity": 0.5,
                                "WorldTranslate": [
                                    62.56717300415039,
                                    6.098237991333008,
                                    139.06515502929688
                                ],
                                "WorldRotationQ": [
                                    -0.7555327415466309,
                                    0.0059929885901510719,
                                    0.04096449166536331,
                                    0.6538015007972717
                                ],
                                "WorldScale": [
                                    0.9999998807907105,
                                    1.0,
                                    1.0000001192092896
                                ],
                                "Extent": [
                                    3.499464511871338,
                                    9.395684242248536,
                                    7.961467266082764
                                ]
                            }
                        },
                        "clavicle_r": {
                            "Capsule": {
                                "Bone Active": true,
                                "Bound Type": "Capsule",
                                "Bound Axis": "Y",
                                "Margin": 0.800000011920929,
                                "Friction": 0.05000000074505806,
                                "Elasticity": 0.5,
                                "WorldTranslate": [
                                    -11.896004676818848,
                                    -5.265573978424072,
                                    144.48568725585938
                                ],
                                "WorldRotationQ": [
                                    0.9766180515289307,
                                    -0.20901533961296082,
                                    -0.05021846294403076,
                                    -0.002802954986691475
                                ],
                                "WorldScale": [
                                    0.9999997019767761,
                                    0.9999998211860657,
                                    0.9999996423721314
                                ],
                                "Radius": 7.436108112335205,
                                "Capsule Length": 0.00019999999494757503
                            }
                        },
                        "upperarm_r": {
                            "Capsule": {
                                "Bone Active": true,
                                "Bound Type": "Capsule",
                                "Bound Axis": "Y",
                                "Margin": 0.800000011920929,
                                "Friction": 0.05000000074505806,
                                "Elasticity": 0.5,
                                "WorldTranslate": [
                                    -16.61799430847168,
                                    -8.4430570602417,
                                    144.5443878173828
                                ],
                                "WorldRotationQ": [
                                    0.9997866153717041,
                                    0.0023824528325349094,
                                    0.020413054153323175,
                                    -0.002080462407320738
                                ],
                                "WorldScale": [
                                    0.9999999403953552,
                                    1.0000003576278687,
                                    1.0000001192092896
                                ],
                                "Radius": 5.00037956237793,
                                "Capsule Length": 18.691862106323243
                            }
                        },
                        "lowerarm_r": {
                            "Capsule": {
                                "Bone Active": true,
                                "Bound Type": "Capsule",
                                "Bound Axis": "Y",
                                "Margin": 0.800000011920929,
                                "Friction": 0.05000000074505806,
                                "Elasticity": 0.5,
                                "WorldTranslate": [
                                    -39.55342483520508,
                                    -5.6024699211120609,
                                    144.43142700195313
                                ],
                                "WorldRotationQ": [
                                    0.9994942545890808,
                                    0.008492100983858109,
                                    0.013977497816085816,
                                    0.02727084420621395
                                ],
                                "WorldScale": [
                                    1.000000238418579,
                                    1.0000003576278687,
                                    1.0000001192092896
                                ],
                                "Radius": 4.477930068969727,
                                "Capsule Length": 21.129871368408204
                            }
                        },
                        "hand_r": {
                            "Capsule": {
                                "Bone Active": false,
                                "Bound Type": "Box",
                                "Bound Axis": "Y",
                                "Margin": 0.800000011920929,
                                "Friction": 0.05000000074505806,
                                "Elasticity": 0.5,
                                "WorldTranslate": [
                                    -63.279293060302737,
                                    5.627543926239014,
                                    148.41712951660157
                                ],
                                "WorldRotationQ": [
                                    0.6538000106811523,
                                    -0.04097289219498634,
                                    0.006000967230647802,
                                    0.7555334568023682
                                ],
                                "WorldScale": [
                                    1.0000001192092896,
                                    1.000000238418579,
                                    1.0000007152557374
                                ],
                                "Extent": [
                                    4.691685676574707,
                                    9.395713806152344,
                                    7.800905704498291
                                ]
                            }
                        },
                        "thigh_l": {
                            "Capsule": {
                                "Bone Active": true,
                                "Bound Type": "Capsule",
                                "Bound Axis": "Y",
                                "Margin": 0.800000011920929,
                                "Friction": 0.05000000074505806,
                                "Elasticity": 0.5,
                                "WorldTranslate": [
                                    9.778481483459473,
                                    27.2618408203125,
                                    95.6026840209961
                                ],
                                "WorldRotationQ": [
                                    -0.005847912281751633,
                                    -0.702710747718811,
                                    0.006265420466661453,
                                    0.7114240527153015
                                ],
                                "WorldScale": [
                                    1.000000238418579,
                                    1.000000238418579,
                                    1.0000003576278687
                                ],
                                "Radius": 8.475895881652832,
                                "Capsule Length": 34.06169128417969
                            }
                        },
                        "calf_l": {
                            "Capsule": {
                                "Bone Active": true,
                                "Bound Type": "Capsule",
                                "Bound Axis": "Y",
                                "Margin": 0.800000011920929,
                                "Friction": 0.05000000074505806,
                                "Elasticity": 0.5,
                                "WorldTranslate": [
                                    10.170619010925293,
                                    26.540586471557618,
                                    51.869850158691409
                                ],
                                "WorldRotationQ": [
                                    0.008486227132380009,
                                    -0.7015578150749207,
                                    -0.008499368093907833,
                                    0.7125113606452942
                                ],
                                "WorldScale": [
                                    1.0,
                                    1.0,
                                    0.9999998807907105
                                ],
                                "Radius": 6.282878398895264,
                                "Capsule Length": 37.6279411315918
                            }
                        },
                        "foot_l": {
                            "Capsule": {
                                "Bone Active": true,
                                "Bound Type": "Capsule",
                                "Bound Axis": "Y",
                                "Margin": 0.800000011920929,
                                "Friction": 0.05000000074505806,
                                "Elasticity": 0.5,
                                "WorldTranslate": [
                                    7.652204990386963,
                                    8.283342361450196,
                                    6.074338912963867
                                ],
                                "WorldRotationQ": [
                                    0.1358870565891266,
                                    -0.697884738445282,
                                    0.11527136713266373,
                                    0.6936887502670288
                                ],
                                "WorldScale": [
                                    1.0000003576278687,
                                    1.0000001192092896,
                                    0.9999998807907105
                                ],
                                "Radius": 4.386003494262695,
                                "Capsule Length": 10.87757682800293
                            }
                        },
                        "ball_l": {
                            "Capsule": {
                                "Bone Active": false,
                                "Bound Type": "Box",
                                "Bound Axis": "Y",
                                "Margin": 0.800000011920929,
                                "Friction": 0.05000000074505806,
                                "Elasticity": 0.5,
                                "WorldTranslate": [
                                    9.272554397583008,
                                    -10.356693267822266,
                                    3.3385863304138185
                                ],
                                "WorldRotationQ": [
                                    0.5102055668830872,
                                    -0.5148976445198059,
                                    -0.4593275487422943,
                                    0.5134091377258301
                                ],
                                "WorldScale": [
                                    0.9999997615814209,
                                    0.9999997615814209,
                                    0.9999998807907105
                                ],
                                "Extent": [
                                    7.749994277954102,
                                    13.564981460571289,
                                    11.79710578918457
                                ]
                            }
                        },
                        "thigh_r": {
                            "Capsule": {
                                "Bone Active": true,
                                "Bound Type": "Capsule",
                                "Bound Axis": "Y",
                                "Margin": 0.800000011920929,
                                "Friction": 0.05000000074505806,
                                "Elasticity": 0.5,
                                "WorldTranslate": [
                                    -9.890595436096192,
                                    -23.529273986816408,
                                    96.49327850341797
                                ],
                                "WorldRotationQ": [
                                    0.7114877700805664,
                                    -0.007628449704498053,
                                    -0.7026387453079224,
                                    0.005070128943771124
                                ],
                                "WorldScale": [
                                    1.0,
                                    1.000000238418579,
                                    1.0
                                ],
                                "Radius": 8.843481063842774,
                                "Capsule Length": 33.553035736083987
                            }
                        },
                        "calf_r": {
                            "Capsule": {
                                "Bone Active": true,
                                "Bound Type": "Capsule",
                                "Bound Axis": "Y",
                                "Margin": 0.800000011920929,
                                "Friction": 0.05000000074505806,
                                "Elasticity": 0.5,
                                "WorldTranslate": [
                                    -7.573444366455078,
                                    -22.425092697143556,
                                    50.71984100341797
                                ],
                                "WorldRotationQ": [
                                    0.7125807404518127,
                                    0.007843660190701485,
                                    -0.7014755010604858,
                                    -0.009966948069632054
                                ],
                                "WorldScale": [
                                    0.9999998211860657,
                                    0.9999999403953552,
                                    0.9999997615814209
                                ],
                                "Radius": 6.376436710357666,
                                "Capsule Length": 38.17350387573242
                            }
                        },
                        "foot_r": {
                            "Capsule": {
                                "Bone Active": true,
                                "Bound Type": "Capsule",
                                "Bound Axis": "Y",
                                "Margin": 0.800000011920929,
                                "Friction": 0.05000000074505806,
                                "Elasticity": 0.5,
                                "WorldTranslate": [
                                    -8.305508613586426,
                                    -3.557187795639038,
                                    5.4370436668396
                                ],
                                "WorldRotationQ": [
                                    -0.694857656955719,
                                    0.11003715544939041,
                                    0.6986260414123535,
                                    0.13033197820186616
                                ],
                                "WorldScale": [
                                    1.0,
                                    1.0000001192092896,
                                    0.9999998807907105
                                ],
                                "Radius": 4.533044815063477,
                                "Capsule Length": 10.658458709716797
                            }
                        }
                    }
                },
                "Meshes": {}
            }
        }
    }
}